<ImportExportXml version="9.1.0.19232" SolutionPackageVersion="9.1" languagecode="1033" generatedBy="CrmLive" xmlns:xsi="http://www.w3.org/2001/XMLSchema-instance">
  <SolutionManifest>
    <UniqueName>Foodbanks</UniqueName>
    <LocalizedNames>
      <LocalizedName description="Foodbanks by 365Community" languagecode="1033" />
    </LocalizedNames>
    <Descriptions>
      <Description description="Community Solution to use Per PowerApp Per User License aimed at foodbanks" languagecode="1033" />
    </Descriptions>
    <Version>1.0.0.1</Version>
    <Managed>1</Managed>
    <Publisher>
      <UniqueName>Community</UniqueName>
      <LocalizedNames>
        <LocalizedName description="Community" languagecode="1033" />
      </LocalizedNames>
      <Descriptions>
        <Description description="Community Publisher from 365community.online" languagecode="1033" />
      </Descriptions>
      <EMailAddress>mchristie@365community.online</EMailAddress>
      <SupportingWebsiteUrl>https://365community.online</SupportingWebsiteUrl>
      <CustomizationPrefix>com</CustomizationPrefix>
      <CustomizationOptionValuePrefix>18141</CustomizationOptionValuePrefix>
      <Addresses>
        <Address>
          <AddressNumber>1</AddressNumber>
          <AddressTypeCode>1</AddressTypeCode>
          <City xsi:nil="true"></City>
          <County xsi:nil="true"></County>
          <Country xsi:nil="true"></Country>
          <Fax xsi:nil="true"></Fax>
          <FreightTermsCode xsi:nil="true"></FreightTermsCode>
          <ImportSequenceNumber xsi:nil="true"></ImportSequenceNumber>
          <Latitude xsi:nil="true"></Latitude>
          <Line1 xsi:nil="true"></Line1>
          <Line2 xsi:nil="true"></Line2>
          <Line3 xsi:nil="true"></Line3>
          <Longitude xsi:nil="true"></Longitude>
          <Name xsi:nil="true"></Name>
          <PostalCode xsi:nil="true"></PostalCode>
          <PostOfficeBox xsi:nil="true"></PostOfficeBox>
          <PrimaryContactName xsi:nil="true"></PrimaryContactName>
          <ShippingMethodCode>1</ShippingMethodCode>
          <StateOrProvince xsi:nil="true"></StateOrProvince>
          <Telephone1 xsi:nil="true"></Telephone1>
          <Telephone2 xsi:nil="true"></Telephone2>
          <Telephone3 xsi:nil="true"></Telephone3>
          <TimeZoneRuleVersionNumber xsi:nil="true"></TimeZoneRuleVersionNumber>
          <UPSZone xsi:nil="true"></UPSZone>
          <UTCOffset xsi:nil="true"></UTCOffset>
          <UTCConversionTimeZoneCode xsi:nil="true"></UTCConversionTimeZoneCode>
        </Address>
        <Address>
          <AddressNumber>2</AddressNumber>
          <AddressTypeCode>1</AddressTypeCode>
          <City xsi:nil="true"></City>
          <County xsi:nil="true"></County>
          <Country xsi:nil="true"></Country>
          <Fax xsi:nil="true"></Fax>
          <FreightTermsCode xsi:nil="true"></FreightTermsCode>
          <ImportSequenceNumber xsi:nil="true"></ImportSequenceNumber>
          <Latitude xsi:nil="true"></Latitude>
          <Line1 xsi:nil="true"></Line1>
          <Line2 xsi:nil="true"></Line2>
          <Line3 xsi:nil="true"></Line3>
          <Longitude xsi:nil="true"></Longitude>
          <Name xsi:nil="true"></Name>
          <PostalCode xsi:nil="true"></PostalCode>
          <PostOfficeBox xsi:nil="true"></PostOfficeBox>
          <PrimaryContactName xsi:nil="true"></PrimaryContactName>
          <ShippingMethodCode>1</ShippingMethodCode>
          <StateOrProvince xsi:nil="true"></StateOrProvince>
          <Telephone1 xsi:nil="true"></Telephone1>
          <Telephone2 xsi:nil="true"></Telephone2>
          <Telephone3 xsi:nil="true"></Telephone3>
          <TimeZoneRuleVersionNumber xsi:nil="true"></TimeZoneRuleVersionNumber>
          <UPSZone xsi:nil="true"></UPSZone>
          <UTCOffset xsi:nil="true"></UTCOffset>
          <UTCConversionTimeZoneCode xsi:nil="true"></UTCConversionTimeZoneCode>
        </Address>
      </Addresses>
    </Publisher>
    <RootComponents>
      <RootComponent type="1" schemaName="account" behavior="0" />
      <RootComponent type="1" schemaName="activitypointer" behavior="0" />
      <RootComponent type="1" schemaName="appointment" behavior="0" />
      <RootComponent type="1" schemaName="com_collection" behavior="0" />
      <RootComponent type="1" schemaName="com_delivery" behavior="0" />
      <RootComponent type="1" schemaName="com_donation" behavior="0" />
      <RootComponent type="1" schemaName="com_items" behavior="0" />
      <RootComponent type="1" schemaName="com_itemwriteoff" behavior="0" />
      <RootComponent type="1" schemaName="com_referral" behavior="0" />
      <RootComponent type="1" schemaName="com_requestforhelp" behavior="0" />
      <RootComponent type="1" schemaName="com_voucher" behavior="0" />
      <RootComponent type="1" schemaName="contact" behavior="0" />
      <RootComponent type="1" schemaName="customeraddress" behavior="0" />
      <RootComponent type="1" schemaName="email" behavior="0" />
      <RootComponent type="1" schemaName="fax" behavior="0" />
      <RootComponent type="1" schemaName="letter" behavior="0" />
      <RootComponent type="1" schemaName="phonecall" behavior="0" />
      <RootComponent type="1" schemaName="task" behavior="0" />
      <RootComponent type="61" schemaName="com_Collection.svg" behavior="0" />
      <RootComponent type="61" schemaName="com_Delivery.svg" behavior="0" />
      <RootComponent type="61" schemaName="com_Donation.svg" behavior="0" />
      <RootComponent type="61" schemaName="com_Item.svg" behavior="0" />
      <RootComponent type="61" schemaName="com_Refferal.svg" behavior="0" />
      <RootComponent type="61" schemaName="com_RequestforHelp.svg" behavior="0" />
      <RootComponent type="61" schemaName="com_Voucher.svg" behavior="0" />
      <RootComponent type="61" schemaName="com_WriteOff.svg" behavior="0" />
    </RootComponents>
    <MissingDependencies />
  </SolutionManifest>
</ImportExportXml>